1971.01.01,00:00,0.53690,0.53880,0.53650,0.53870,20
1971.02.01,00:00,0.53860,0.53890,0.53790,0.53790,18
1971.03.01,00:00,0.53830,0.53900,0.53820,0.53870,23
1971.04.01,00:00,0.53880,0.53890,0.53670,0.53840,22
1971.05.01,00:00,0.53850,0.55860,0.53850,0.55140,20
1971.06.01,00:00,0.54780,0.55980,0.54780,0.55920,22
1971.07.01,00:00,0.55920,0.56510,0.55860,0.56510,21
1971.08.01,00:00,0.56490,0.57750,0.56490,0.57550,17
1971.09.01,00:00,0.57580,0.59070,0.57580,0.58960,21
1971.10.01,00:00,0.58890,0.59010,0.58580,0.58580,19
1971.11.01,00:00,0.58650,0.59120,0.58410,0.59040,20
1971.12.01,00:00,0.59210,0.60160,0.59210,0.60060,10
1972.01.01,00:00,0.59770,0.60980,0.59760,0.60920,21
1972.02.01,00:00,0.61070,0.61970,0.61070,0.61490,20
1972.03.01,00:00,0.61490,0.61960,0.59650,0.61740,23
1972.04.01,00:00,0.61750,0.61750,0.61200,0.61500,20
1972.05.01,00:00,0.61510,0.61630,0.61390,0.61570,72
1972.06.01,00:00,0.61550,0.62210,0.61280,0.62060,1652
1972.07.01,00:00,0.62080,0.62130,0.61550,0.61590,840
1972.08.01,00:00,0.61560,0.61570,0.61140,0.61320,773
1972.09.01,00:00,0.61290,0.61440,0.61040,0.61040,350
1972.10.01,00:00,0.60860,0.61170,0.60830,0.61010,1240
1972.11.01,00:00,0.61070,0.61290,0.60920,0.61290,420
1972.12.01,00:00,0.61330,0.61340,0.61140,0.61140,48
1973.01.01,00:00,0.61000,0.62030,0.60850,0.62000,752
1973.02.01,00:00,0.62070,0.69020,0.61890,0.68810,3698
1973.03.01,00:00,0.69870,0.71180,0.68820,0.68840,6512
1973.04.01,00:00,0.68480,0.69310,0.68400,0.68920,2101
1973.05.01,00:00,0.68910,0.72520,0.68550,0.72480,4152
1973.06.01,00:00,0.73100,0.80490,0.72990,0.80390,7551
1973.07.01,00:00,0.81460,0.86450,0.81260,0.84180,13871
1973.08.01,00:00,0.83510,0.83660,0.78810,0.79440,4543
1973.09.01,00:00,0.79780,0.81890,0.79660,0.81010,2679
1973.10.01,00:00,0.81080,0.81930,0.79870,0.79970,3981
1973.11.01,00:00,0.79770,0.79960,0.73340,0.74550,4770
1973.12.01,00:00,0.74460,0.74460,0.73850,0.74180,718
1974.01.01,00:00,0.70810,0.71070,0.67740,0.70810,11732
1974.02.01,00:00,0.70640,0.73630,0.70640,0.73070,3208
1974.03.01,00:00,0.72900,0.78170,0.72900,0.77280,4881
1974.04.01,00:00,0.76830,0.79890,0.75750,0.79560,3992
1974.05.01,00:00,0.79600,0.81640,0.76570,0.77470,6712
1974.06.01,00:00,0.77780,0.78960,0.75690,0.76750,3650
1974.07.01,00:00,0.76320,0.77980,0.75580,0.75940,3162
1974.08.01,00:00,0.75950,0.76160,0.73420,0.73500,3252
1974.09.01,00:00,0.73590,0.73950,0.73110,0.73740,3660
1974.10.01,00:00,0.73900,0.76500,0.73880,0.75860,3072
1974.11.01,00:00,0.76200,0.80210,0.76190,0.79030,4659
1974.12.01,00:00,0.78310,0.79680,0.78210,0.79630,1029
1975.01.01,00:00,0.81020,0.84980,0.80910,0.83610,6682
1975.02.01,00:00,0.82990,0.85860,0.82160,0.85830,3659
1975.03.01,00:00,0.85900,0.85900,0.83080,0.83390,3761
1975.04.01,00:00,0.83690,0.83690,0.81530,0.82220,3432
1975.05.01,00:00,0.82220,0.84290,0.82070,0.83520,5221
1975.06.01,00:00,0.83640,0.83980,0.82880,0.82960,3411
1975.07.01,00:00,0.82640,0.82710,0.76130,0.76160,5672
1975.08.01,00:00,0.76170,0.76640,0.75440,0.75730,4171
1975.09.01,00:00,0.75760,0.75980,0.73210,0.73830,2741
1975.10.01,00:00,0.74940,0.76540,0.74300,0.76460,4652
1975.11.01,00:00,0.76550,0.76550,0.74490,0.74530,2668
1975.12.01,00:00,0.74780,0.74850,0.74280,0.74320,540
1976.01.01,00:00,0.74680,0.75590,0.74660,0.75570,1451
1976.02.01,00:00,0.76150,0.77200,0.75900,0.76140,888
1976.03.01,00:00,0.75810,0.77330,0.75790,0.76990,2073
1976.04.01,00:00,0.77400,0.77420,0.76790,0.77120,1032
1976.05.01,00:00,0.77170,0.77230,0.75410,0.75440,1040
1976.06.01,00:00,0.75360,0.76190,0.75320,0.75940,1212
1976.07.01,00:00,0.75890,0.76930,0.75740,0.76920,1141
1976.08.01,00:00,0.77130,0.78020,0.76800,0.77350,1152
1976.09.01,00:00,0.77590,0.80350,0.77510,0.80350,1221
1976.10.01,00:00,0.79920,0.81630,0.79510,0.81500,1090
1976.11.01,00:00,0.81100,0.81490,0.80710,0.81340,790
1976.12.01,00:00,0.80990,0.81710,0.80990,0.81700,541
1977.01.01,00:00,0.83440,0.83570,0.80440,0.81230,1601
1977.02.01,00:00,0.80930,0.81910,0.80730,0.81900,1209
1977.03.01,00:00,0.81760,0.82010,0.81520,0.81810,473
1977.04.01,00:00,0.81750,0.83090,0.81750,0.83030,751
1977.05.01,00:00,0.83040,0.83390,0.82420,0.82890,1161
1977.06.01,00:00,0.82960,0.83630,0.82800,0.83560,802
1977.07.01,00:00,0.83550,0.87080,0.83550,0.85420,2059
1977.08.01,00:00,0.85070,0.85360,0.83590,0.84390,1413
1977.09.01,00:00,0.84380,0.84690,0.83900,0.84360,2101
1977.10.01,00:00,0.85370,0.86910,0.84950,0.86910,1160
1977.11.01,00:00,0.87310,0.88340,0.86480,0.87960,2799
1977.12.01,00:00,0.88390,0.90980,0.88370,0.90920,569
1978.01.01,00:00,0.93570,0.94780,0.90800,0.92600,3171
1978.02.01,00:00,0.92460,0.97040,0.92440,0.97040,5270
1978.03.01,00:00,0.96830,0.97900,0.94910,0.97880,3053
1978.04.01,00:00,0.97420,0.97460,0.93900,0.94310,5270
1978.05.01,00:00,0.94450,0.94540,0.91650,0.93250,3133
1978.06.01,00:00,0.93550,0.94410,0.93350,0.94390,1332
1978.07.01,00:00,0.94690,0.95990,0.94470,0.95970,1741
1978.08.01,00:00,0.95830,1.00530,0.95750,0.98340,2783
1978.09.01,00:00,0.98870,1.01100,0.97510,1.00830,2471
1978.10.01,00:00,1.01100,1.13470,1.00910,1.11490,4962
1978.11.01,00:00,1.05170,1.05230,1.00210,1.01410,5982
1978.12.01,00:00,1.01130,1.02820,1.01130,1.02650,608
1979.01.01,00:00,1.07470,1.07590,1.04320,1.04360,2142
1979.02.01,00:00,1.03870,1.06380,1.03680,1.05580,1830
1979.03.01,00:00,1.05440,1.05670,1.04700,1.04700,672
1979.04.01,00:00,1.03820,1.03940,1.02630,1.03010,1081
1979.05.01,00:00,1.03180,1.03260,1.01830,1.02450,1973
1979.06.01,00:00,1.01980,1.06490,1.01980,1.06460,2181
1979.07.01,00:00,1.06170,1.08360,1.06170,1.06680,2682
1979.08.01,00:00,1.06920,1.07330,1.06670,1.07190,923
1979.09.01,00:00,1.07280,1.12720,1.07250,1.12310,4560
1979.10.01,00:00,1.12540,1.12590,1.07920,1.08460,6543
1979.11.01,00:00,1.08810,1.13230,1.08640,1.13110,3361
1979.12.01,00:00,1.14460,1.14500,1.11500,1.12550,3848
1980.01.01,00:00,1.14370,1.14570,1.12140,1.12210,5922
1980.02.01,00:00,1.12140,1.12850,1.10070,1.10080,2000
1980.03.01,00:00,1.09670,1.09670,0.99950,1.00100,2821
1980.04.01,00:00,0.99430,1.08970,0.98950,1.08630,8852
1980.05.01,00:00,1.08520,1.10980,1.07230,1.10060,2201
1980.06.01,00:00,1.09670,1.11590,1.09650,1.10880,5291
1980.07.01,00:00,1.11130,1.12790,1.09440,1.09610,7002
1980.08.01,00:00,1.09160,1.10580,1.08170,1.09210,9151
1980.09.01,00:00,1.09940,1.10150,1.07830,1.07870,4761
1980.10.01,00:00,1.08170,1.08710,1.02500,1.02560,6213
1980.11.01,00:00,1.02260,1.03550,0.99870,1.01520,8177
1980.12.01,00:00,1.00790,1.00870,0.96730,0.97490,2610
1981.01.01,00:00,0.99050,1.01070,0.91740,0.91740,12581
1981.02.01,00:00,0.92060,0.94030,0.87990,0.91790,17219
1981.03.01,00:00,0.90680,0.95740,0.90490,0.92680,16542
1981.04.01,00:00,0.93300,0.93360,0.88360,0.88430,10112
1981.05.01,00:00,0.88730,0.88790,0.83350,0.83910,5770
1981.06.01,00:00,0.83470,0.83780,0.80850,0.81680,10102
1981.07.01,00:00,0.81110,0.81450,0.78860,0.79020,9983
1981.08.01,00:00,0.77280,0.80040,0.75980,0.79690,8041
1981.09.01,00:00,0.79710,0.87680,0.79650,0.84140,14511
1981.10.01,00:00,0.84240,0.89580,0.84200,0.87460,11982
1981.11.01,00:00,0.87770,0.88800,0.86570,0.88550,6861
1981.12.01,00:00,0.87920,0.88250,0.85670,0.85890,3370
1982.01.01,00:00,0.87360,0.87480,0.83670,0.84320,7750
1982.02.01,00:00,0.83200,0.83520,0.81520,0.81810,4759
1982.03.01,00:00,0.81880,0.83470,0.80880,0.80990,6653
1982.04.01,00:00,0.81410,0.83910,0.80640,0.83880,2652
1982.05.01,00:00,0.83630,0.85730,0.83280,0.83310,10290
1982.06.01,00:00,0.82280,0.82830,0.78430,0.79400,7582
1982.07.01,00:00,0.79410,0.82000,0.77780,0.79390,9581
1982.08.01,00:00,0.80220,0.80860,0.77500,0.78420,12532
1982.09.01,00:00,0.78650,0.79300,0.76890,0.77290,6792
1982.10.01,00:00,0.77490,0.78590,0.76350,0.76360,6671
1982.11.01,00:00,0.76700,0.79430,0.75340,0.79360,5292
1982.12.01,00:00,0.79290,0.81120,0.78910,0.79880,5171
1983.01.01,00:00,0.82490,0.83890,0.78970,0.79210,10881
1983.02.01,00:00,0.79200,0.81920,0.78420,0.80210,10500
1983.03.01,00:00,0.80050,0.82430,0.80050,0.80500,7613
1983.04.01,00:00,0.80570,0.81170,0.79280,0.79320,6741
1983.05.01,00:00,0.79440,0.80360,0.77080,0.77330,4391
1983.06.01,00:00,0.76670,0.77650,0.76030,0.76930,5592
1983.07.01,00:00,0.76960,0.76960,0.73830,0.73830,3960
1983.08.01,00:00,0.73050,0.74550,0.71530,0.72640,8743
1983.09.01,00:00,0.72510,0.74350,0.72490,0.74340,5222
1983.10.01,00:00,0.74600,0.76210,0.73980,0.74220,8120
1983.11.01,00:00,0.73740,0.73960,0.72000,0.72500,4390
1983.12.01,00:00,0.72400,0.72460,0.70580,0.70700,2399
1984.01.01,00:00,0.70970,0.71220,0.68870,0.69480,5281
1984.02.01,00:00,0.69950,0.75290,0.69770,0.75200,6820
1984.03.01,00:00,0.74990,0.77010,0.73650,0.75440,12622
1984.04.01,00:00,0.75380,0.75670,0.71860,0.71890,5221
1984.05.01,00:00,0.71690,0.72450,0.70310,0.71570,6703
1984.06.01,00:00,0.72670,0.73360,0.69650,0.70310,8201
1984.07.01,00:00,0.70000,0.70060,0.67290,0.67370,6862
1984.08.01,00:00,0.67050,0.68460,0.67020,0.67710,7453
1984.09.01,00:00,0.67320,0.67320,0.61740,0.64010,14830
1984.10.01,00:00,0.63770,0.65000,0.62230,0.64550,7973
1984.11.01,00:00,0.65180,0.66980,0.62900,0.62960,8632
1984.12.01,00:00,0.62930,0.63930,0.62790,0.63360,2668
1985.01.01,00:00,0.61630,0.62280,0.61250,0.61840,4882
1985.02.01,00:00,0.61520,0.61570,0.56330,0.58590,7470
1985.03.01,00:00,0.58310,0.63430,0.56980,0.63420,14781
1985.04.01,00:00,0.62910,0.65700,0.61120,0.63200,18882
1985.05.01,00:00,0.62480,0.64570,0.60230,0.63740,16312
1985.06.01,00:00,0.64270,0.65050,0.63040,0.64360,9030
1985.07.01,00:00,0.64370,0.70080,0.64040,0.69940,11883
1985.08.01,00:00,0.69590,0.71290,0.68490,0.69750,8572
1985.09.01,00:00,0.69200,0.73600,0.65970,0.73080,17041
1985.10.01,00:00,0.73500,0.74760,0.72860,0.74680,9673
1985.11.01,00:00,0.75070,0.77840,0.74410,0.77840,7391
1985.12.01,00:00,0.77770,0.78150,0.76580,0.77650,3479
1986.01.01,00:00,0.80130,0.82220,0.78940,0.81890,11312
1986.02.01,00:00,0.81560,0.88630,0.80900,0.87820,12380
1986.03.01,00:00,0.88050,0.88850,0.83170,0.83330,15041
1986.04.01,00:00,0.83580,0.90340,0.81370,0.90030,17662
1986.05.01,00:00,0.89200,0.90310,0.84120,0.84260,20871
1986.06.01,00:00,0.84080,0.89060,0.83910,0.88900,13241
1986.07.01,00:00,0.89700,0.93520,0.89290,0.93440,12903
1986.08.01,00:00,0.93800,0.96070,0.93320,0.95850,10891
1986.09.01,00:00,0.96310,0.98270,0.93490,0.96540,14051
1986.10.01,00:00,0.96640,0.99260,0.94510,0.94760,11442
1986.11.01,00:00,0.94740,0.99110,0.94420,0.99070,7658
1986.12.01,00:00,0.99620,0.99820,0.96540,0.96850,6300
1987.01.01,00:00,1.01970,1.10020,1.01240,1.06760,14521
1987.02.01,00:00,1.08010,1.09220,1.05240,1.07000,15319
1987.03.01,00:00,1.06850,1.08520,1.04510,1.08370,8642
1987.04.01,00:00,1.07420,1.10080,1.06320,1.08910,11292
1987.05.01,00:00,1.09530,1.10620,1.07200,1.07280,7230
1987.06.01,00:00,1.06590,1.09350,1.06250,1.07030,8832
1987.07.01,00:00,1.07030,1.07290,1.04830,1.05260,9003
1987.08.01,00:00,1.04980,1.08050,1.03050,1.08000,11841
1987.09.01,00:00,1.07890,1.09100,1.06150,1.06210,6131
1987.10.01,00:00,1.06000,1.13180,1.05910,1.13000,8422
1987.11.01,00:00,1.14010,1.19710,1.13590,1.19290,24540
1987.12.01,00:00,1.18520,1.20390,1.17000,1.20090,5970
1988.01.01,00:00,1.23540,1.23680,1.15910,1.16510,9150
1988.02.01,00:00,1.15550,1.16270,1.13970,1.15840,8991
1988.03.01,00:00,1.16000,1.18100,1.15260,1.18080,10283
1988.04.01,00:00,1.18070,1.18240,1.15480,1.16930,8511
1988.05.01,00:00,1.16600,1.16780,1.13090,1.13210,6181
1988.06.01,00:00,1.13410,1.14140,1.06900,1.07620,10642
1988.07.01,00:00,1.07380,1.07760,1.03550,1.04410,11170
1988.08.01,00:00,1.04250,1.05320,1.01860,1.04120,11783
1988.09.01,00:00,1.04270,1.06120,1.03540,1.04310,9241
1988.10.01,00:00,1.04990,1.10530,1.04790,1.09990,9561
1988.11.01,00:00,1.09450,1.14010,1.08990,1.12590,13461
1988.12.01,00:00,1.12930,1.13560,1.11130,1.11950,6249
1989.01.01,00:00,1.10930,1.11070,1.04110,1.04420,15731
1989.02.01,00:00,1.04790,1.07960,1.03760,1.07230,9880
1989.03.01,00:00,1.06400,1.06470,1.03080,1.03230,11873
1989.04.01,00:00,1.03790,1.05930,1.03560,1.04040,10230
1989.05.01,00:00,1.03640,1.04040,0.97190,0.98790,15032
1989.06.01,00:00,0.98660,1.00870,0.95930,1.00170,20932
1989.07.01,00:00,1.00810,1.05350,1.00620,1.04830,35221
1989.08.01,00:00,1.04860,1.06080,0.99270,0.99490,35633
1989.09.01,00:00,0.99510,1.04960,0.97640,1.04460,33081
1989.10.01,00:00,1.04260,1.07060,1.01780,1.06220,36792
1989.11.01,00:00,1.06260,1.10440,1.04190,1.09980,28372
1989.12.01,00:00,1.09910,1.12990,1.09250,1.12850,11378
1990.01.01,00:00,1.16240,1.17460,1.12770,1.15750,50872
1990.02.01,00:00,1.15810,1.18630,1.14580,1.14700,28740
1990.03.01,00:00,1.14660,1.16560,1.13470,1.15180,29092
1990.04.01,00:00,1.15140,1.17260,1.14600,1.16510,21890
1990.05.01,00:00,1.16500,1.20250,1.15120,1.15340,30032
1990.06.01,00:00,1.15330,1.17910,1.14760,1.17790,25831
1990.07.01,00:00,1.17890,1.23370,1.17650,1.23210,30022
1990.08.01,00:00,1.23150,1.26950,1.20580,1.24070,49243
1990.09.01,00:00,1.24000,1.26620,1.22520,1.24910,37170
1990.10.01,00:00,1.25190,1.31140,1.25190,1.28850,41973
1990.11.01,00:00,1.28840,1.33390,1.28080,1.30740,36702
1990.12.01,00:00,1.30960,1.33690,1.29040,1.32440,14048
1991.01.01,00:00,1.31010,1.32610,1.24860,1.32380,54682
1991.02.01,00:00,1.32390,1.35500,1.27940,1.28290,36760
1991.03.01,00:00,1.28220,1.28330,1.13600,1.14770,52030
1991.04.01,00:00,1.15130,1.18170,1.09720,1.14610,56802
1991.05.01,00:00,1.14590,1.16210,1.11100,1.12250,48223
1991.06.01,00:00,1.12230,1.12560,1.07320,1.07960,34520
1991.07.01,00:00,1.08120,1.12990,1.06120,1.12230,38713
1991.08.01,00:00,1.12240,1.15080,1.06630,1.11820,49472
1991.09.01,00:00,1.11990,1.17960,1.11860,1.17090,33051
1991.10.01,00:00,1.17100,1.17930,1.13560,1.17240,33733
1991.11.01,00:00,1.17200,1.23900,1.17010,1.20340,39931
1991.12.01,00:00,1.21000,1.25200,1.20900,1.23700,15638
1992.01.01,00:00,1.28410,1.30060,1.19660,1.21260,65632
1992.02.01,00:00,1.21610,1.25640,1.17400,1.18940,44290
1992.03.01,00:00,1.18950,1.19860,1.16150,1.19030,36502
1992.04.01,00:00,1.19000,1.21200,1.16630,1.18720,34662
1992.05.01,00:00,1.18720,1.23190,1.18160,1.21660,35911
1992.06.01,00:00,1.21720,1.29180,1.20670,1.28360,39442
1992.07.01,00:00,1.28370,1.35090,1.27750,1.32470,61013
1992.08.01,00:00,1.32630,1.40130,1.31470,1.39530,43061
1992.09.01,00:00,1.39600,1.41020,1.27830,1.38650,84182
1992.10.01,00:00,1.38630,1.40720,1.26050,1.26800,73632
1992.11.01,00:00,1.26860,1.26980,1.20990,1.23160,50861
1992.12.01,00:00,1.23100,1.26090,1.22450,1.24810,20041
1993.01.01,00:00,1.20280,1.24790,1.18580,1.21250,36640
1993.02.01,00:00,1.21300,1.21550,1.17370,1.18220,43630
1993.03.01,00:00,1.18260,1.21800,1.16900,1.21620,37383
1993.04.01,00:00,1.21610,1.24940,1.20740,1.23430,43642
1993.05.01,00:00,1.23340,1.24660,1.19070,1.23020,32941
1993.06.01,00:00,1.23210,1.23750,1.13860,1.14500,39902
1993.07.01,00:00,1.14530,1.16220,1.12030,1.12270,33282
1993.08.01,00:00,1.12240,1.17750,1.11920,1.16580,36162
1993.09.01,00:00,1.16540,1.23150,1.16490,1.19670,48882
1993.10.01,00:00,1.19680,1.22940,1.15690,1.15940,35771
1993.11.01,00:00,1.15970,1.16340,1.13760,1.14080,30972
1993.12.01,00:00,1.14020,1.15670,1.13140,1.13880,11471
1994.01.01,00:00,1.12480,1.13680,1.11350,1.12900,22831
1994.02.01,00:00,1.12870,1.15070,1.10690,1.14730,29540
1994.03.01,00:00,1.14710,1.17830,1.13380,1.16790,32883
1994.04.01,00:00,1.16770,1.18940,1.13550,1.18250,27371
1994.05.01,00:00,1.18210,1.19810,1.16340,1.18810,31792
1994.06.01,00:00,1.18790,1.24360,1.16750,1.23250,33272
1994.07.01,00:00,1.23240,1.28940,1.21840,1.24360,44731
1994.08.01,00:00,1.24450,1.28130,1.22780,1.23690,39143
1994.09.01,00:00,1.23670,1.27690,1.23540,1.26120,34002
1994.10.01,00:00,1.26080,1.31610,1.25310,1.30170,32741
1994.11.01,00:00,1.30150,1.31170,1.24340,1.24680,30562
1994.12.01,00:00,1.24670,1.24980,1.23520,1.24690,10750
1995.01.01,00:00,1.26260,1.30280,1.24960,1.28340,34282
1995.02.01,00:00,1.28250,1.34600,1.27180,1.34010,31620
1995.03.01,00:00,1.33970,1.45350,1.33190,1.42890,86453
1995.04.01,00:00,1.42890,1.45200,1.37880,1.40860,67020
1995.05.01,00:00,1.40870,1.43580,1.33800,1.38140,63233
1995.06.01,00:00,1.38220,1.42040,1.36090,1.41520,54472
1995.07.01,00:00,1.41500,1.42490,1.38360,1.41020,35441
1995.08.01,00:00,1.41030,1.42470,1.30720,1.33250,53263
1995.09.01,00:00,1.33280,1.38860,1.30000,1.36960,50841
1995.10.01,00:00,1.36870,1.41600,1.35480,1.38750,48032
1995.11.01,00:00,1.38760,1.39930,1.34850,1.35290,39582
1995.12.01,00:00,1.35260,1.37010,1.34520,1.34930,14259
1996.01.01,00:00,1.36170,1.36690,1.30880,1.31510,35372
1996.02.01,00:00,1.31420,1.35660,1.30840,1.32800,33131
1996.03.01,00:00,1.32780,1.33390,1.31080,1.32240,27811
1996.04.01,00:00,1.32260,1.32690,1.27370,1.27690,27162
1996.05.01,00:00,1.27680,1.29200,1.26170,1.28390,24223
1996.06.01,00:00,1.28390,1.29490,1.26570,1.28090,26490
1996.07.01,00:00,1.28090,1.33530,1.25960,1.32890,36393
1996.08.01,00:00,1.32880,1.33050,1.30720,1.31890,24042
1996.09.01,00:00,1.31890,1.32270,1.27910,1.28370,25931
1996.10.01,00:00,1.28370,1.29930,1.26580,1.28870,24663
1996.11.01,00:00,1.28860,1.31380,1.27030,1.27040,32631
1996.12.01,00:00,1.27170,1.28270,1.24240,1.25600,24520
1997.01.01,00:00,1.26730,1.27150,1.18050,1.19480,43872
1997.02.01,00:00,1.19240,1.19510,1.14560,1.15720,32560
1997.03.01,00:00,1.15500,1.17680,1.13640,1.16820,30241
1997.04.01,00:00,1.16820,1.17620,1.12440,1.13040,28772
1997.05.01,00:00,1.13020,1.17280,1.12730,1.14540,38412
1997.06.01,00:00,1.14560,1.14890,1.11990,1.12130,27871
1997.07.01,00:00,1.12100,1.12440,1.05770,1.06380,34293
1997.08.01,00:00,1.06340,1.09470,1.03440,1.08190,41191
1997.09.01,00:00,1.07880,1.11930,1.06310,1.11130,38632
1997.10.01,00:00,1.11130,1.14400,1.09130,1.13340,39853
1997.11.01,00:00,1.13400,1.15370,1.10570,1.10910,31150
1997.12.01,00:00,1.10970,1.11250,1.08930,1.10140,14311
1998.01.01,00:00,1.08800,1.11580,1.06080,1.06860,3695
1998.02.01,00:00,1.06720,1.09620,1.06460,1.07670,3012
1998.03.01,00:00,1.07780,1.09620,1.07210,1.07690,3361
1998.04.01,00:00,1.07550,1.11010,1.07000,1.10250,3105
1998.05.01,00:00,1.10100,1.12160,1.09910,1.10340,3110
1998.06.01,00:00,1.10100,1.11880,1.08600,1.09830,3098
1998.07.01,00:00,1.09590,1.11780,1.07900,1.11000,3063
1998.08.01,00:00,1.10800,1.13060,1.08760,1.13060,3360
1998.09.01,00:00,1.12900,1.18400,1.11920,1.18010,4879
1998.10.01,00:00,1.17770,1.24010,1.17700,1.19020,5466
1998.11.01,00:00,1.19050,1.19430,1.14550,1.16000,3795
1998.12.01,00:00,1.15950,1.19670,1.15650,1.18370,1986
1999.01.01,00:00,1.18010,1.18620,1.13420,1.13670,113170
1999.02.01,00:00,1.13830,1.13970,1.09260,1.10250,100263
1999.03.01,00:00,1.09820,1.10700,1.06800,1.07690,117949
1999.04.01,00:00,1.07700,1.08840,1.05470,1.05720,107065
1999.05.01,00:00,1.05750,1.08330,1.03970,1.04210,120525
1999.06.01,00:00,1.04220,1.05590,1.02600,1.03540,139138
1999.07.01,00:00,1.03520,1.07460,1.01070,1.07140,132394
1999.08.01,00:00,1.06990,1.08270,1.03980,1.05660,133629
1999.09.01,00:00,1.05620,1.07290,1.02860,1.06830,142340
1999.10.01,00:00,1.06840,1.09150,1.04310,1.05270,141928
1999.11.01,00:00,1.05510,1.05940,1.00370,1.00920,150346
1999.12.01,00:00,1.00900,1.02970,0.99910,1.00960,131716
2000.01.01,00:00,1.00730,1.04150,0.96670,0.97030,138562
2000.02.01,00:00,0.97040,1.00890,0.94010,0.96520,138512
2000.03.01,00:00,0.96510,0.97930,0.94780,0.95620,158885
2000.04.01,00:00,0.95560,0.97490,0.90300,0.91170,131109
2000.05.01,00:00,0.91200,0.94120,0.88440,0.93770,149220
2000.06.01,00:00,0.93760,0.97000,0.92840,0.95270,136711
2000.07.01,00:00,0.95250,0.95990,0.91920,0.92670,127344
2000.08.01,00:00,0.92660,0.92930,0.88410,0.88780,134401
2000.09.01,00:00,0.88790,0.90400,0.84390,0.88420,143986
2000.10.01,00:00,0.88410,0.88580,0.82270,0.84880,145332
2000.11.01,00:00,0.84890,0.87960,0.83720,0.87230,162484
2000.12.01,00:00,0.87220,0.94300,0.87010,0.94270,163178
2001.01.01,00:00,0.94210,0.95960,0.91150,0.93660,179035
2001.02.01,00:00,0.93640,0.94450,0.90140,0.92330,157522
2001.03.01,00:00,0.92340,0.93820,0.87490,0.87550,188578
2001.04.01,00:00,0.87430,0.90930,0.87060,0.88700,179985
2001.05.01,00:00,0.88710,0.90090,0.84390,0.84530,189853
2001.06.01,00:00,0.84570,0.86740,0.84100,0.84970,166647
2001.07.01,00:00,0.85030,0.88250,0.83460,0.87580,196242
2001.08.01,00:00,0.87590,0.92410,0.87370,0.91250,207296
2001.09.01,00:00,0.91250,0.93350,0.88240,0.91140,188426
2001.10.01,00:00,0.91030,0.92460,0.88670,0.90040,202319
2001.11.01,00:00,0.90020,0.91210,0.87350,0.89620,193114
2001.12.01,00:00,0.89630,0.90830,0.87410,0.89180,189841
2002.01.01,00:00,0.89180,0.90690,0.85700,0.85800,208375
2002.02.01,00:00,0.85820,0.88030,0.85620,0.86870,170320
2002.03.01,00:00,0.86910,0.88700,0.86290,0.87190,181943
2002.04.01,00:00,0.87160,0.90490,0.87140,0.90030,184358
2002.05.01,00:00,0.90010,0.94160,0.89900,0.93380,203793
2002.06.01,00:00,0.93380,0.99920,0.93020,0.99110,187899
2002.07.01,00:00,0.99140,1.02100,0.97140,0.97770,227836
2002.08.01,00:00,0.97760,0.99190,0.96210,0.98150,206160
2002.09.01,00:00,0.98240,0.99930,0.96080,0.98760,199110
2002.10.01,00:00,0.98760,0.99310,0.96870,0.99000,204217
2002.11.01,00:00,0.98980,1.01730,0.98770,0.99380,192169
2002.12.01,00:00,0.99280,1.05070,0.98600,1.05030,192778
2003.01.01,00:00,1.04990,1.09100,1.03350,1.07660,218351
2003.02.01,00:00,1.07660,1.09380,1.06640,1.08010,197480
2003.03.01,00:00,1.08040,1.10870,1.05020,1.09270,213240
2003.04.01,00:00,1.09260,1.11910,1.05590,1.11750,211728
2003.05.01,00:00,1.11760,1.19310,1.11540,1.17850,249808
2003.06.01,00:00,1.17200,1.19320,1.13990,1.15060,226771
2003.07.01,00:00,1.15090,1.16130,1.11120,1.12310,248691
2003.08.01,00:00,1.12320,1.14300,1.07880,1.09850,212174
2003.09.01,00:00,1.09900,1.17390,1.07620,1.16570,226315
2003.10.01,00:00,1.16580,1.18650,1.15310,1.15820,242619
2003.11.01,00:00,1.15850,1.20190,1.13760,1.19980,203472
2003.12.01,00:00,1.19880,1.26490,1.19350,1.25790,229100
2004.01.01,00:00,1.25780,1.29010,1.23330,1.24670,239727
2004.02.01,00:00,1.24810,1.29300,1.23710,1.24950,225344
2004.03.01,00:00,1.24810,1.25440,1.20460,1.23170,242395
2004.04.01,00:00,1.23160,1.23910,1.17590,1.19760,231619
2004.05.01,00:00,1.19770,1.23000,1.17700,1.21870,264399
2004.06.01,00:00,1.21910,1.23560,1.19530,1.22020,270004
2004.07.01,00:00,1.22040,1.24640,1.19900,1.20190,253199
2004.08.01,00:00,1.20690,1.23910,1.19680,1.21810,236680
2004.09.01,00:00,1.21810,1.24460,1.20260,1.24360,199682
2004.10.01,00:00,1.24360,1.28440,1.22240,1.27870,192051
2004.11.01,00:00,1.28180,1.33360,1.26550,1.32940,200546
2004.12.01,00:00,1.32940,1.36700,1.31390,1.35650,208815
2005.01.01,00:00,1.35660,1.35810,1.29220,1.30310,197179
2005.02.01,00:00,1.30320,1.32800,1.27320,1.32430,183682
2005.03.01,00:00,1.32430,1.34830,1.28560,1.29620,211216
2005.04.01,00:00,1.29620,1.31270,1.27670,1.28740,218619
2005.05.01,00:00,1.28620,1.29930,1.22940,1.23060,253352
2005.06.01,00:00,1.23040,1.23560,1.19820,1.21060,282546
2005.07.01,00:00,1.21070,1.22590,1.18650,1.21230,266008
2005.08.01,00:00,1.21230,1.24890,1.21170,1.23480,282882
2005.09.01,00:00,1.23480,1.25910,1.19780,1.20260,263121
2005.10.01,00:00,1.20260,1.22090,1.18750,1.19840,216988
2005.11.01,00:00,1.19840,1.20850,1.16380,1.17900,209007
2005.12.01,00:00,1.17910,1.20640,1.16600,1.18380,198361
2006.01.01,00:00,1.18490,1.23240,1.18010,1.21530,206761
2006.02.01,00:00,1.21520,1.21670,1.18250,1.19190,179411
2006.03.01,00:00,1.19210,1.22090,1.18590,1.21170,224389
2006.04.01,00:00,1.21180,1.26430,1.20310,1.26350,199076
2006.05.01,00:00,1.26290,1.29730,1.25550,1.28100,232443
2006.06.01,00:00,1.28090,1.29810,1.24780,1.27930,217007
2006.07.01,00:00,1.27920,1.28640,1.24570,1.27670,201697
2006.08.01,00:00,1.27680,1.29420,1.26940,1.28150,218390
2006.09.01,00:00,1.28140,1.28770,1.26290,1.26730,207272
2006.10.01,00:00,1.26830,1.27820,1.24830,1.27620,148291
2006.11.01,00:00,1.27610,1.32730,1.26810,1.32420,161547
2006.12.01,00:00,1.32410,1.33640,1.30510,1.32040,177905
2007.01.01,00:00,1.31890,1.32960,1.28650,1.30310,179172
2007.02.01,00:00,1.30320,1.32580,1.29110,1.32310,120563
2007.03.01,00:00,1.32320,1.34100,1.30700,1.33540,148836
2007.04.01,00:00,1.33720,1.36810,1.33180,1.36480,113179
2007.05.01,00:00,1.36470,1.36710,1.34060,1.34510,113446
2007.06.01,00:00,1.34520,1.35530,1.32620,1.35400,101701
2007.07.01,00:00,1.35420,1.38510,1.35270,1.36830,133872
2007.08.01,00:00,1.36820,1.38380,1.33600,1.36280,186167
2007.09.01,00:00,1.36280,1.42780,1.35500,1.42660,137237
2007.10.01,00:00,1.42800,1.45030,1.40140,1.44860,169063
2007.11.01,00:00,1.44850,1.49660,1.44030,1.46290,218398
2007.12.01,00:00,1.46280,1.47690,1.43090,1.45950,157869
2008.01.01,00:00,1.46520,1.49210,1.43650,1.48650,260753
2008.02.01,00:00,1.48640,1.52380,1.44380,1.51800,240085
2008.03.01,00:00,1.51790,1.59020,1.51450,1.57870,315324
2008.04.01,00:00,1.57880,1.60180,1.55100,1.56220,317533
2008.05.01,00:00,1.56210,1.58180,1.52840,1.55540,263067
2008.06.01,00:00,1.55610,1.58430,1.53020,1.57550,268658
2008.07.01,00:00,1.57540,1.60380,1.55210,1.56030,282947
2008.08.01,00:00,1.56020,1.56310,1.45710,1.46780,278839
2008.09.01,00:00,1.47090,1.48670,1.38810,1.40910,507383
2008.10.01,00:00,1.40930,1.41740,1.23300,1.27330,765914
2008.11.01,00:00,1.27310,1.31140,1.23890,1.26900,616122
2008.12.01,00:00,1.26940,1.47190,1.25520,1.39560,378918
2009.01.01,00:00,1.38680,1.39860,1.27630,1.28120,1227039
2009.02.01,00:00,1.27520,1.30930,1.25120,1.26660,1063605
2009.03.01,00:00,1.26170,1.37370,1.24560,1.32496,679628
2009.04.01,00:00,1.32491,1.35806,1.28844,1.32287,1004310
2009.05.01,00:00,1.32296,1.41678,1.32123,1.41597,1648085
2009.06.01,00:00,1.41322,1.43378,1.37477,1.40324,1972279
2009.07.01,00:00,1.40323,1.43036,1.38323,1.42561,1755808
2009.08.01,00:00,1.42703,1.44465,1.40454,1.43326,1348248
2009.09.01,00:00,1.43328,1.48427,1.41770,1.46385,972441
2009.10.01,00:00,1.46409,1.50617,1.44835,1.47185,1172374
2009.11.01,00:00,1.47346,1.51437,1.46262,1.50136,1148459
2009.12.01,00:00,1.50133,1.51399,1.42175,1.43278,972936
2010.01.01,00:00,1.43259,1.45785,1.38610,1.38611,948949
2010.02.01,00:00,1.38627,1.40255,1.34433,1.36310,943750
2010.03.01,00:00,1.36222,1.38171,1.32671,1.35097,897127
2010.04.01,00:00,1.35096,1.36913,1.31141,1.32936,883812
2010.05.01,00:00,1.33296,1.33326,1.21435,1.23048,1288036
2010.06.01,00:00,1.23049,1.24664,1.18758,1.22362,1174837
2010.07.01,00:00,1.22359,1.31060,1.21930,1.30504,1020556
2010.08.01,00:00,1.30596,1.33327,1.25874,1.26788,865854
2010.09.01,00:00,1.26785,1.36825,1.26434,1.36342,836977
2010.10.01,00:00,1.36337,1.41505,1.36183,1.39459,1105734
2010.11.01,00:00,1.39703,1.42813,1.29694,1.29798,1725550
2010.12.01,00:00,1.29799,1.34966,1.29707,1.33690,1656785
2011.01.01,00:00,1.33695,1.37573,1.28736,1.36902,1750186
2011.02.01,00:00,1.36897,1.38607,1.34279,1.37990,1340550
2011.03.01,00:00,1.37987,1.42479,1.37447,1.41565,1655686
2011.04.01,00:00,1.41569,1.48809,1.40614,1.48062,1379633
2011.05.01,00:00,1.48249,1.49385,1.39692,1.43960,1464565
2011.06.01,00:00,1.43956,1.46955,1.40731,1.45015,1619984
2011.07.01,00:00,1.45015,1.45769,1.38371,1.43945,1812990
2011.08.01,00:00,1.43607,1.45482,1.40553,1.43788,2193083
2011.09.01,00:00,1.43790,1.43802,1.33624,1.33846,2323845
2011.10.01,00:00,1.33447,1.42460,1.31458,1.38357,2218032
2011.11.01,00:00,1.38348,1.38702,1.32119,1.34345,2196138
2011.12.01,00:00,1.34347,1.35449,1.28577,1.29460,1639239
2012.01.01,00:00,1.29443,1.32330,1.26241,1.30798,1767500
2012.02.01,00:00,1.30796,1.34856,1.29745,1.33233,1747181
2012.03.01,00:00,1.33234,1.33848,1.30032,1.33408,1600904
2012.04.01,00:00,1.33562,1.33801,1.29945,1.32380,1483089
2012.05.01,00:00,1.32381,1.32828,1.23362,1.23634,1790743
2012.06.01,00:00,1.23636,1.27468,1.22882,1.26655,1831265
2012.07.01,00:00,1.26696,1.26703,1.20418,1.23019,1719506
2012.08.01,00:00,1.23021,1.26360,1.21337,1.25740,1574374
2012.09.01,00:00,1.25737,1.31706,1.25012,1.28595,1367540
2012.10.01,00:00,1.28488,1.31384,1.28031,1.29591,1278846
2012.11.01,00:00,1.29590,1.30267,1.26612,1.30037,1280232
2012.12.01,00:00,1.30036,1.33076,1.28769,1.31970,990556
2013.01.01,00:00,1.32036,1.35931,1.29975,1.35772,1175901
2013.02.01,00:00,1.35773,1.37106,1.30180,1.30546,1000968
2013.03.01,00:00,1.30545,1.31341,1.27509,1.28148,904868
2013.04.01,00:00,1.28112,1.32015,1.27454,1.31666,1012735
2013.05.01,00:00,1.31668,1.32427,1.27962,1.29943,1105763
2013.06.01,00:00,1.29956,1.34158,1.29555,1.30078,1207801
2013.07.01,00:00,1.30144,1.33446,1.27553,1.33020,1173865
2013.08.01,00:00,1.33020,1.34518,1.31750,1.32195,941797
2013.09.01,00:00,1.32122,1.35685,1.31047,1.35251,711534
2013.10.01,00:00,1.35253,1.38320,1.34734,1.35830,789385
2013.11.01,00:00,1.35830,1.36214,1.32959,1.35901,734288
2013.12.01,00:00,1.35878,1.38930,1.35241,1.37686,730794
2014.01.01,00:00,1.37550,1.37749,1.34790,1.34863,907764
2014.02.01,00:00,1.34863,1.38241,1.34770,1.38030,710644
2014.03.01,00:00,1.38033,1.39666,1.37047,1.37695,1239338
2014.04.01,00:00,1.37683,1.39057,1.36725,1.38667,947243
2014.05.01,00:00,1.38667,1.39932,1.35858,1.36339,790848
2014.06.01,00:00,1.36304,1.36969,1.35028,1.36915,787305
2014.07.01,00:00,1.36916,1.36991,1.33665,1.33830,844387
2014.08.01,00:00,1.33891,1.34446,1.31323,1.31323,842606
2014.09.01,00:00,1.31292,1.31600,1.25712,1.26307,1155563
2014.10.01,00:00,1.26307,1.28868,1.24851,1.25231,1745901
2014.11.01,00:00,1.25085,1.25991,1.23571,1.24498,1629323
2014.12.01,00:00,1.24613,1.25696,1.20973,1.21018,1635938
2015.01.01,00:00,1.20538,1.20690,1.10970,1.12844,1561521
2015.02.01,00:00,1.13115,1.15332,1.11758,1.11957,1291339
2015.03.01,00:00,1.11805,1.12402,1.04619,1.07483,1695577
2015.04.01,00:00,1.07481,1.12659,1.05202,1.12286,1842420
2015.05.01,00:00,1.12285,1.14661,1.08185,1.09895,1721894
2015.06.01,00:00,1.09835,1.14360,1.08865,1.11490,3173353
2015.07.01,00:00,1.11491,1.12153,1.08078,1.09822,3310150
2015.08.01,00:00,1.09822,1.17138,1.08477,1.12180,3206078
2015.09.01,00:00,1.12177,1.14600,1.10869,1.11750,3223956
2015.10.01,00:00,1.11749,1.14949,1.08966,1.10050,2908217
2015.11.01,00:00,1.10266,1.10527,1.05576,1.05727,2924133
2015.12.01,00:00,1.05724,1.10593,1.05222,1.08553,3021930
2016.01.01,00:00,1.08696,1.09844,1.07104,1.08300,3350107
2016.02.01,00:00,1.08297,1.13761,1.08142,1.08800,3809036
2016.03.01,00:00,1.08800,1.14115,1.08219,1.13784,3058416
2016.04.01,00:00,1.13784,1.14645,1.12145,1.14504,2924973
2016.05.01,00:00,1.14582,1.16159,1.10977,1.11265,2695335
2016.06.01,00:00,1.11265,1.14278,1.09113,1.10939,3339116
2016.07.01,00:00,1.10939,1.11972,1.09314,1.11743,2610520
2016.08.01,00:00,1.11715,1.13661,1.10453,1.11536,2400393
2016.09.01,00:00,1.11538,1.13266,1.11228,1.12327,2576280
2016.10.01,00:00,1.12328,1.12441,1.08507,1.09761,2564545
2016.11.01,00:00,1.09761,1.12991,1.05176,1.05972,3408798
2016.12.01,00:00,1.05972,1.08734,1.03249,1.05129,2551379
2017.01.01,00:00,1.05100,1.08120,1.03399,1.08040,3211239
2017.02.01,00:00,1.08039,1.08284,1.04933,1.05918,2480363
2017.03.01,00:00,1.05918,1.09057,1.04946,1.06692,2758913
2017.04.01,00:00,1.06694,1.09506,1.05695,1.08921,1933177
2017.05.01,00:00,1.09086,1.12680,1.08387,1.12333,2516118
2017.06.01,00:00,1.12332,1.14451,1.11186,1.14212,1983032
2017.07.01,00:00,1.14212,1.18446,1.13121,1.18361,2075750
2017.08.01,00:00,1.18363,1.20699,1.16619,1.19047,2261877
2017.09.01,00:00,1.19047,1.20921,1.17171,1.18131,2167296
2017.10.01,00:00,1.17945,1.18797,1.15742,1.16507,1627333
2017.11.01,00:00,1.16509,1.19611,1.15540,1.18977,1529986
2017.12.01,00:00,1.18985,1.20255,1.17175,1.19941,1678641
2018.01.01,00:00,1.20088,1.25378,1.19155,1.24113,3518142
2018.02.01,00:00,1.24114,1.25554,1.21878,1.22033,3506881
2018.03.01,00:00,1.22037,1.24763,1.21546,1.23218,2917313
2018.04.01,00:00,1.23192,1.24137,1.20553,1.20763,1659142
2018.05.01,00:00,1.20763,1.20840,1.15098,1.16903,2482977
2018.06.01,00:00,1.16903,1.18519,1.15078,1.16831,2340791
2018.07.01,00:00,1.16841,1.17908,1.15747,1.16923,1967109
2018.08.01,00:00,1.16923,1.17333,1.13006,1.16069,1692832
2018.09.01,00:00,1.15955,1.18145,1.15251,1.15997,944505
2018.10.01,00:00,1.16157,1.16242,1.13013,1.13087,1265223
2018.11.01,00:00,1.13089,1.14993,1.12147,1.13109,1269833
2018.12.01,00:00,1.13490,1.14850,1.12694,1.14603,915222
2019.01.01,00:00,1.14603,1.15694,1.12887,1.14462,651017
2019.02.01,00:00,1.14453,1.14876,1.12336,1.13696,321585
2019.03.01,00:00,1.13696,1.14476,1.11743,1.12162,361543
2019.04.01,00:00,1.12246,1.13233,1.11095,1.12141,274813
2019.05.01,00:00,1.12141,1.12643,1.11064,1.11675,326041
2019.06.01,00:00,1.11614,1.14115,1.11574,1.13716,346961
